-- ============================================================
-- 惠享生活 · 完整数据种子 (mega_seed.sql)
-- 一站式导入：成都10家店 + 秒杀券 + 测试账号 + 博客 + 评论
-- 执行方式：mysql -uroot -p hmdp < mega_seed.sql
-- ============================================================

-- ============================================================
-- 1. 成都店铺 (10 家，id >= 1000)
-- ============================================================
DELETE FROM `tb_seckill_voucher` WHERE `voucher_id` BETWEEN 1000 AND 1100;
DELETE FROM `tb_voucher`        WHERE `id`         BETWEEN 1000 AND 1100;
DELETE FROM `tb_voucher_order`  WHERE `voucher_id`  BETWEEN 1000 AND 1100;
DELETE FROM `tb_blog`           WHERE `id`         >= 1000;
DELETE FROM `tb_shop`           WHERE `id`         BETWEEN 1000 AND 1100;

INSERT INTO `tb_shop` VALUES
(1001, '陈麻婆豆腐（春熙路店）', 1, 'https://p0.meituan.net/bbiztone/103_1709306273629.jpeg,https://p0.meituan.net/msmerchant/103_1709306273629.jpeg', '春熙路', '锦江区春熙路东段1号附3号', 104.0817, 30.6584, 38,  0000010188, 0000008923, 48, '10:00-22:00', '2026-04-01 10:00:00', '2026-04-01 10:00:00'),
(1002, '蜀大侠火锅（太古里店）', 1, 'https://p0.meituan.net/bbiztone/200_1678901234567.jpeg,https://p0.meituan.net/msmerchant/200_1678901234567.jpeg', '太古里', '锦江区中纱帽街8号成都远洋太古里L2层', 104.0847, 30.6542, 128, 0000058271, 0000043921, 49, '11:00-02:00', '2026-04-01 10:00:00', '2026-04-01 10:00:00'),
(1003, '董记甜心烤鸭（人民公园店）', 1, 'https://p0.meituan.net/bbiztone/300_1678901234568.jpeg,https://p0.meituan.net/msmerchant/300_1678901234568.jpeg', '人民公园', '青羊区少城路12号人民公园对面', 104.0581, 30.6627, 76, 0000002351, 0000001521, 47, '10:30-21:30', '2026-04-01 10:00:00', '2026-04-01 10:00:00'),
(1004, '马旺子川小馆（鹿城大街店）', 1, 'https://p0.meituan.net/bbiztone/400_1678901234569.jpeg,https://p0.meituan.net/msmerchant/400_1678901234569.jpeg', '宽窄巷子', '青羊区宽窄巷子井巷子1号', 104.0584, 30.6716, 88,  0000008723, 0000004421, 47, '11:00-21:00', '2026-04-01 10:00:00', '2026-04-01 10:00:00'),
(1005, '茂缘KTV（春熙路旗舰店）', 2, 'https://p0.meituan.net/biztone/500_1678901234570.jpeg,https://p0.meituan.net/msmerchant/500_1678901234570.jpeg', '春熙路', '锦江区春熙路南段8号总府大厦4层', 104.0821, 30.6561, 158, 0000012456, 0000000823, 46, '12:00-06:00', '2026-04-01 10:00:00', '2026-04-01 10:00:00'),
(1006, '乐享温泉 spa（香格里拉店）', 6, 'https://p0.meituan.net/bbiztone/600_1678901234571.jpeg,https://p0.meituan.net/msmerchant/600_1678901234571.jpeg', '滨江路', '锦江区滨江东路9号香格里拉中心3层', 104.0753, 30.6517, 568, 0000003521, 0000001205, 48, '11:00-23:00', '2026-04-01 10:00:00', '2026-04-01 10:00:00'),
(1007, '茶颜悦色 · 巷陌茶馆（宽窄巷子店）', 8, 'https://p0.meituan.net/bbiztone/700_1678901234572.jpeg,https://p0.meituan.net/msmerchant/700_1678901234572.jpeg', '宽窄巷子', '青羊区窄巷子15号', 104.0572, 30.6725, 56,  0000023601, 0000009821, 47, '10:00-01:00', '2026-04-01 10:00:00', '2026-04-01 10:00:00'),
(1008, '小尖椒米其林体验亲子餐厅（合景店）', 7, 'https://p0.meituan.net/bbiztone/800_1678901234573.jpeg,https://p0.meituan.net/msmerchant/800_1678901234573.jpeg', '万象城', '成华区双庆路8号万象城L5层', 104.1089, 30.6708, 128, 0000005721, 0000002305, 46, '10:00-22:00', '2026-04-01 10:00:00', '2026-04-01 10:00:00'),
(1009, '青鸟健身（世纪城店）', 4, 'https://p0.meituan.net/bbiztone/900_1678901234574.jpeg,https://p0.meituan.net/msmerchant/900_1678901234574.jpeg', '世纪城', '武侯区世纪城路910号世纪城购物中心3层', 104.0716, 30.5763, 1680, 0000000821, 0000000302, 45, '06:00-23:00', '2026-04-01 10:00:00', '2026-04-01 10:00:00'),
(1010, '四川博物院旁何老幺足疗（青华路店）', 5, 'https://p0.meituan.net/bbiztone/1000_1678901234575.jpeg,https://p0.meituan.net/msmerchant/1000_1678901234575.jpeg', '浣花溪', '青羊区青华路8号附2号', 104.0281, 30.6601, 168, 0000010825, 0000005421, 47, '10:00-23:30', '2026-04-01 10:00:00', '2026-04-01 10:00:00');

-- ============================================================
-- 2. 优惠券 + 秒杀券
--    5 张普通券 + 5 张秒杀券
-- ============================================================
INSERT INTO `tb_voucher` VALUES
(1001, 1001, '38 元代金券', '周一至周日可用', '全场通用\\n无需预约\\n可叠加使用', 3500, 3800, 0, 1, '2026-04-01 10:00:00', '2026-04-01 10:00:00'),
(1002, 1002, '128 元火锅套餐券', '仅限堂食', '需提前一天预约\\n不兑现不找零\\n节假日通用', 11800, 12800, 0, 1, '2026-04-01 10:00:00', '2026-04-01 10:00:00'),
(1003, 1003, '76 元烤鸭套餐券', '提供免费 WiFi', '全场通用\\n可外带', 6800, 7600, 0, 1, '2026-04-01 10:00:00', '2026-04-01 10:00:00'),
(1004, 1005, '158 元欢唱 4 小时套餐', '含房费+果盘+小吃', '工作日白天可用\\n节假日不可用', 13800, 15800, 0, 1, '2026-04-01 10:00:00', '2026-04-01 10:00:00'),
(1005, 1007, '56 元下午茶套餐券', '含两杯茶饮+一份点心', '限工作日下午\\n堂食', 4900, 5600, 0, 1, '2026-04-01 10:00:00', '2026-04-01 10:00:00'),
(1010, 1002, '9.9 元秒杀双人火锅套餐', '限时秒杀', '全场通用\\n每日限 1 单\\n不可与其他优惠叠加', 990, 12800, 1, 1, '2026-04-01 10:00:00', '2026-04-01 10:00:00'),
(1011, 1001, '19.9 元秒杀麻婆豆腐套餐', '下午茶时段秒杀', '14:00-17:00 到店核销\\n限本人使用', 1990, 3800, 1, 1, '2026-04-01 10:00:00', '2026-04-01 10:00:00'),
(1012, 1004, '29.9 元秒杀三人川菜套餐', '工作日午市秒杀', '周一至周五 11:00-14:00 使用\\n限堂食', 2990, 8800, 1, 1, '2026-04-01 10:00:00', '2026-04-01 10:00:00'),
(1013, 1006, '99 元 30 分钟 SPA 体验券', '新客限享', '首次到店可用\\n需提前预约', 9900, 56800, 1, 1, '2026-04-01 10:00:00', '2026-04-01 10:00:00'),
(1014, 1010, '69 元 60 分钟足疗秒杀券', '工作日专享', '工作日 10:00-17:00 到店使用', 6900, 16800, 1, 1, '2026-04-01 10:00:00', '2026-04-01 10:00:00');

INSERT INTO `tb_seckill_voucher` VALUES
(1010, 200, '2026-04-28 00:00:00', '2026-01-01 00:00:00', '2027-12-31 23:59:59', '2026-04-28 00:00:00'),
(1011, 100, '2026-04-28 00:00:00', '2026-01-01 00:00:00', '2027-12-31 23:59:59', '2026-04-28 00:00:00'),
(1012, 150, '2026-04-28 00:00:00', '2026-01-01 00:00:00', '2027-12-31 23:59:59', '2026-04-28 00:00:00'),
(1013,  80, '2026-04-28 00:00:00', '2026-01-01 00:00:00', '2027-12-31 23:59:59', '2026-04-28 00:00:00'),
(1014, 120, '2026-04-28 00:00:00', '2026-01-01 00:00:00', '2027-12-31 23:59:59', '2026-04-28 00:00:00');

-- ============================================================
-- 3. 扩展用户（达人 + 粉丝）
--    用户 30(王师傅)、31-35(粉丝)、40(巴适姐)
-- ============================================================
INSERT IGNORE INTO `tb_user` (`id`, `phone`, `password`, `nick_name`, `icon`, `create_time`, `update_time`) VALUES
(30, '13900000001', '', '王师傅探店', '/imgs/blogs/4/7/863cc302-d150-420d-a596-b16e9232a1a6.jpg', NOW(), NOW()),
(31, '13900000002', '', '吃货小张', '/imgs/blogs/0/0/feb2a83e-5646-46c0-a982-5e43fed31b22.jpg', NOW(), NOW()),
(32, '13900000003', '', '美食猎人', '/imgs/blogs/1/12/ab329e30-b4e1-446e-993b-b00be783f142.jpg', NOW(), NOW()),
(33, '13900000004', '', '杭州土著', '/imgs/blogs/2/1/7b31a5da-4ee3-4c9e-a38a-2dbc8de0345a.jpg', NOW(), NOW()),
(34, '13900000005', '', '探店达人_莉莉', '/imgs/blogs/3/12/9b19dd28-1eb1-4b70-bdc2-95544eecfeb2.jpg', NOW(), NOW()),
(35, '13900000006', '', '火锅爱好者', '/imgs/blogs/4/7/863cc302-d150-420d-a596-b16e9232a1a6.jpg', NOW(), NOW()),
(40, '13900000010', '', '巴适姐', '/imgs/blogs/15/9/cea51d9b-ac15-49f6-b9f1-9cf81e9b9c85.jpg', NOW(), NOW());

-- ============================================================
-- 4. tb_user_info (用户详情)
-- ============================================================
INSERT IGNORE INTO `tb_user_info` (`user_id`, `city`, `introduce`, `fans`, `followee`, `gender`, `credits`, `level`) VALUES
(1, '杭州', '爱吃爱玩的小鱼同学 🐟', 5, 3, 0, 220, 3),
(2, '杭州', '可可今天也不吃肉 🥩', 2, 2, 0, 180, 2),
(5, '杭州', '可爱多本多', 0, 0, 0, 45, 1),
(30, '杭州', '全网同名｜探店10年｜跟着王师傅不踩雷🍽️', 5, 3, 1, 560, 5),
(31, '上海', '一个什么都想吃的吃货', 0, 1, 0, 12, 1),
(32, '杭州', '寻找城市里最美味的角落', 1, 2, 1, 45, 2),
(33, '杭州', '本地人推荐最地道的杭州味道', 0, 1, 1, 36, 3),
(34, '上海', '跟着莉莉吃遍全国', 2, 2, 0, 78, 3),
(35, '重庆', '没有什么是一顿火锅解决不了的', 1, 1, 1, 22, 2),
(40, '成都', '成都土著｜美食猎人｜带你吃遍成都大街小巷🌶️', 5, 4, 1, 320, 4);

-- ============================================================
-- 5. 关注关系
-- ============================================================
DELETE FROM `tb_follow` WHERE `user_id` >= 30;
INSERT INTO `tb_follow` (`user_id`, `follow_user_id`, `create_time`) VALUES
-- 粉丝关注王师傅(30)
(31, 30, NOW()), (32, 30, NOW()), (33, 30, NOW()), (34, 30, NOW()),
-- 吃货小张(31) 关注了美食猎人(32)
(31, 32, NOW()),
-- 美食猎人(32) 关注了王师傅(30) 和 杭州土著(33)
(32, 30, NOW()), (32, 33, NOW()),
-- 杭州土著(33) 关注了王师傅(30)
(33, 30, NOW()),
-- 莉莉(34) 关注了王师傅(30) 和 杭州土著(33)
(34, 30, NOW()), (34, 33, NOW()),
-- 火锅爱好者(35) 关注了莉莉(34)
(35, 34, NOW()),
-- 王师傅(30) 关注了美食猎人(32) 和 杭州土著(33) 和 莉莉(34)
(30, 32, NOW()), (30, 33, NOW()), (30, 34, NOW()),
-- 巴适姐(40) 关注了王师傅(30) 和 莉莉(34) 和 火锅爱好者(35) 和小鱼同学(1)
(40, 30, NOW()), (40, 34, NOW()), (40, 35, NOW()), (40, 1, NOW()),
-- 粉丝关注巴适姐(40)
(31, 40, NOW()), (32, 40, NOW()), (33, 40, NOW()), (34, 40, NOW()), (35, 40, NOW()),
-- 王师傅(30) 也关注了巴适姐
(30, 40, NOW()),
-- 小鱼同学(1) 关注王师傅和巴适姐
(1, 30, NOW()), (1, 40, NOW());

-- ============================================================
-- 6. 探店博客 (成都店 + 杭州店，共 30+ 篇)
-- ============================================================
DELETE FROM `tb_blog` WHERE `id` >= 1000;

INSERT INTO `tb_blog` (`id`, `shop_id`, `user_id`, `title`, `images`, `content`, `liked`, `comments`, `create_time`) VALUES

-- === 成都店铺博客 (shop_id 1001-1010) ===
(1001, 1002, 1, '成都太古里蜀大侠火锅｜9.9 元秒杀双人套餐真的香！',
 '/imgs/blogs/blog1.jpg,/imgs/blogs/4/7/863cc302-d150-420d-a596-b16e9232a1a6.jpg,/imgs/blogs/1/2/4a7b496b-2a08-4af7-aa95-df2c3bd0ef97.jpg',
 '🔥来成都怎么能不吃火锅！周末冲到太古里蜀大侠，刚好赶上 9.9 秒杀活动，原本 128 的双人套餐直接秒杀价拿下，毛肚 鸭肠 黄喉 雪花肥牛齐上桌，麻辣鲜香一锅就到位。<br/>📍地址：太古里 L2 层<br/>⏰营业：11:00-02:00<br/>💡建议提前预约，秒杀券每天限量 200 张！', 8521, 367, '2026-04-15 19:50:01'),

(1002, 1001, 1, '春熙路陈麻婆豆腐探店｜人均 30 大满足',
 '/imgs/blogs/2/2/852f49b7-432c-4d01-b7b1-8e152854f2a9.jpg,/imgs/blogs/2/3/39d65be4-af94-458d-b6de-bc8ca20735bb.jpg,/imgs/blogs/2/4/7ed91c85-975a-40dd-9f36-abb2e87a1155.jpg',
 '来成都 3 次每次都来这家陈麻婆豆腐。麻婆豆腐 18 元一份份量感人，花椒是现舂的，舌尖会跳。搭配一份甜水面和一个担担面，两个人 60 块吃到腰撑。', 6543, 219, '2026-04-16 21:00:11'),

(1003, 1007, 1, '宽窄巷子茶颜悦色｜夜里喝茶看人流',
 '/imgs/blogs/3/12/9b19dd28-1eb1-4b70-bdc2-95544eecfeb2.jpg,/imgs/blogs/3/14/a6b9ec21-6708-4d6d-8f77-ed31c856e5b2.jpg,/imgs/blogs/3/15/af0db3fa-5cf9-4eeb-a9fe-938de64bddc6.jpg',
 '宽窄巷子逛累了 进这家茶馆坐下来 56 元两杯茶一张点心券，悠哉悠哉地看人流 老成都的慢节奏全都回来了。', 5210, 186, '2026-04-18 09:30:00'),

(1004, 1004, 1, '宽窄巷子马旺子川小馆｜四川本地人都来排队',
 '/imgs/blogs/4/0/26a7cd7e-6320-432c-a0b4-1b7418f45ec7.jpg,/imgs/blogs/4/1/fa74a6d6-3026-4cb7-b0b6-35abb1e52d11.jpg,/imgs/blogs/4/10/2f07e3c9-ddce-482d-9ea7-c21450f8d7cd.jpg',
 '马旺子是四川老字号 排队 40 分钟吃上咸烧白和粉蒸排骨，分量确实很旺。可见当地人对它的爱有多深。', 7821, 254, '2026-04-22 18:30:00'),

(1005, 1006, 1, '香格里拉 SPA 体验｜99 元 30 分钟回血',
 '/imgs/blogs/5/13/8bec1b83-8800-490b-bfbc-892b310ade6d.jpg,/imgs/blogs/5/2/fdc6cbb0-ddc5-4525-884a-9e88f07cf2d8.jpg,/imgs/blogs/6/0/081b4b46-b2c0-47b1-8e2a-8f620d0307fb.jpg',
 '加班狗终于去体验了 99 秒杀 30 分钟 SPA，技师手艺在线，从颈到腰全部松开。环境很私密 友好的 真的推荐打工人。', 4321, 167, '2026-04-25 20:00:00'),

(1006, 1001, 40, '陈麻婆豆腐｜春熙路的百年老字号🔥',
 '/imgs/blogs/14/3/52b290eb-8b5d-403b-8373-ba0bb856d18e.jpg,/imgs/blogs/15/0/b61bf453-28fc-4824-84c8-783803464c4f.jpg,/imgs/blogs/15/3/fd5802b1-d4a5-4e45-badd-05cbc46c8c3d.jpg',
 '来成都必吃的陈麻婆豆腐！18 块钱一份，花椒是现舂的，舌尖会跳舞💃<br>📍春熙路东段1号<br>💰人均 38 元', 34, 7, '2026-07-05 11:00:00'),

(1007, 1002, 40, '蜀大侠火锅太古里店｜9.9 秒杀双人套餐太香了',
 '/imgs/blogs/0/0/feb2a83e-5646-46c0-a982-5e43fed31b22.jpg,/imgs/blogs/0/5/e3e7c9e7-6654-4065-b47a-b86eb4541c33.jpg,/imgs/blogs/1/12/ab329e30-b4e1-446e-993b-b00be783f142.jpg,/imgs/blogs/1/2/f052df92-fc05-41a6-866e-d6da63b27645.jpg',
 '9.9 秒杀 128 的双人套餐！毛肚鸭肠黄喉雪花肥牛全上齐，麻辣鲜香太过瘾了🤤<br>📍太古里L2 层<br>#蜀大侠 #火锅', 89, 18, '2026-07-07 19:30:00'),

(1008, 1002, 35, '成都火锅｜蜀大侠必点菜攻略',
 '/imgs/blogs/2/1/7b31a5da-4ee3-4c9e-a38a-2dbc8de0345a.jpg,/imgs/blogs/2/2/852f49b7-432c-4d01-b7b1-8e152854f2a9.jpg,/imgs/blogs/2/3/39d65be4-af94-458d-b6de-bc8ca20735bb.jpg',
 '每次去蜀大侠必点：太极双滑、水牛毛肚、冰川鹅肠、大刀腰片，配上一碗冰粉绝了！', 41, 9, '2026-07-08 18:00:00'),

(1009, 1003, 40, '人民公园附近的烤鸭店｜性价比超高🦆',
 '/imgs/blogs/2/4/7ed91c85-975a-40dd-9f36-abb2e87a1155.jpg,/imgs/blogs/2/6/b0756279-65da-4f2d-b62a-33f74b06454a.jpg,/imgs/blogs/3/12/9b19dd28-1eb1-4b70-bdc2-95544eecfeb2.jpg',
 '烤鸭皮脆肉嫩，包上黄瓜丝大葱丝蘸甜面酱，一口下去幸福到起飞！<br>📍人民公园对面<br>💰人均 76', 18, 3, '2026-07-09 12:30:00'),

(1010, 1004, 40, '宽窄巷子的马旺子｜本地人都来排队的川菜馆',
 '/imgs/blogs/3/14/a6b9ec21-6708-4d6d-8f77-ed31c856e5b2.jpg,/imgs/blogs/3/15/af0db3fa-5cf9-4eeb-a9fe-938de64bddc6.jpg,/imgs/blogs/4/0/26a7cd7e-6320-432c-a0b4-1b7418f45ec7.jpg',
 '排队40分钟吃上咸烧白和粉蒸排骨，四川老字号名不虚传！<br>📍宽窄巷子井巷子', 52, 11, '2026-07-10 18:00:00'),

(1011, 1005, 35, '春熙路茂缘KTV｜旗舰店环境超棒🎤',
 '/imgs/blogs/4/1/fa74a6d6-3026-4cb7-b0b6-35abb1e52d11.jpg,/imgs/blogs/4/10/2f07e3c9-ddce-482d-9ea7-c21450f8d7cd.jpg,/imgs/blogs/4/7/863cc302-d150-420d-a596-b16e9232a1a6.jpg',
 '春熙路旗舰店装修豪华，音响效果一级棒，158 的欢唱套餐含果盘小吃超值！', 12, 2, '2026-07-12 20:00:00'),

(1012, 1006, 40, '香格里拉SPA｜99 元 30 分钟回血体验💆',
 '/imgs/blogs/6/12/e1dc1614-ba40-471a-9024-ff648ced306e.jpg,/imgs/blogs/6/8/5593ee62-04e1-410a-b6a7-4c1d50d2aee2.jpg,/imgs/blogs/7/1/6f4c2442-1d3b-436f-8d49-cc704f9f0bf8.jpg',
 '加班狗的回血圣地！99 秒杀 30 分钟 SPA，技师手艺在线，从颈到腰全部松开😌<br>📍香格里拉中心3层', 33, 6, '2026-07-13 14:00:00'),

(1013, 1007, 40, '宽窄巷子喝茶｜56 元的下午茶慢时光🍵',
 '/imgs/blogs/7/14/4771fefb-1a87-4252-816c-9f7ec41ffa4a.jpg,/imgs/blogs/7/3/2f6769c9-21de-42f8-adc0-77873273997f.jpg,/imgs/blogs/9/12/ac2ce2fb-0605-4f14-82cc-c962b8c86688.jpg',
 '两杯茶一份点心，坐在宽窄巷子看人流，老成都的慢节奏全回来了🍃<br>📍窄巷子15号', 29, 4, '2026-07-14 15:00:00'),

(1014, 1008, 34, '万象城的亲子餐厅｜带娃吃饭的好去处👨‍👩‍👧',
 '/imgs/blogs/11/4/fbfe0547-bd5d-454c-98c4-411e2e0dce65.jpg,/imgs/blogs/11/8/ca9ba6e6-068a-4a09-8b12-5719f86d270c.jpg,/imgs/blogs/12/1/1afd01e5-0e16-43c2-b655-4bf733f95cfc.jpg',
 '有儿童游乐区，宝宝玩得开心大人吃得放心，人均 128 性价比不错！<br>📍万象城L5', 21, 5, '2026-07-16 11:30:00'),

(1015, 1009, 35, '青鸟健身世纪城店｜器械新人不尴尬',
 '/imgs/blogs/12/9/aab78497-ec7a-46da-820a-0ee0bbe103a3.jpg,/imgs/blogs/13/1/6b091b4c-7870-4df8-9b21-5db9852db005.jpg,/imgs/blogs/13/4/1bb3d189-a34a-4809-b062-323cda7d19a9.jpg',
 '世纪城购物中心3层，器械很新，早上 6 点开到晚上 11 点，健身党福音💪<br>#健身 #成都', 10, 1, '2026-07-17 08:00:00'),

(1016, 1010, 40, '四川博物院旁边的神仙足疗｜69 元秒杀体验',
 '/imgs/blogs/14/13/2ec4622e-de82-4bb3-9acf-33b589850cd2.jpg,/imgs/blogs/14/13/31bc9613-3637-4a36-9082-e37ce0909cbd.jpg,/imgs/blogs/14/3/52b290eb-8b5d-403b-8373-ba0bb856d18e.jpg',
 '逛完博物院再做个足疗，69 元 60 分钟，技师手法到位，走了一天路的疲劳全都没了😌<br>📍青华路8号', 27, 7, '2026-07-18 16:00:00'),

(1017, 1010, 33, '周末放空好去处｜何老幺足疗体验记',
 '/imgs/blogs/15/0/b61bf453-28fc-4824-84c8-783803464c4f.jpg,/imgs/blogs/15/3/fd5802b1-d4a5-4e45-badd-05cbc46c8c3d.jpg,/imgs/blogs/15/9/cea51d9b-ac15-49f6-b9f1-9cf81e9b9c85.jpg',
 '环境干净卫生，价格也很实惠，每周来一次已经成了固定节目🎯', 16, 3, '2026-07-19 14:00:00'),

-- === 杭州店铺博客 (shop_id 1-14，给用户30/34/35等有笔记和粉丝) ===
(1018, 1, 30, '103茶餐厅的黯然销魂饭｜一周吃三回的食堂',
 '/imgs/blogs/0/0/feb2a83e-5646-46c0-a982-5e43fed31b22.jpg,/imgs/blogs/1/2/38f7e67d-7b26-41fd-bcf5-eebf71914230.jpg,/imgs/blogs/2/1/7b31a5da-4ee3-4c9e-a38a-2dbc8de0345a.jpg',
 '103 的黯然销魂饭真的吃不腻，叉烧甜甜的，溏心蛋拌饭绝了😋<br>📍金华路锦昌文华苑<br>💰人均 80', 23, 4, '2026-07-05 10:30:00'),

(1019, 2, 30, '老北京涮羊肉｜杭州也能吃到正宗铜锅涮🔥',
 '/imgs/blogs/3/12/9b19dd28-1eb1-4b70-bdc2-95544eecfeb2.jpg,/imgs/blogs/3/14/a6b9ec21-6708-4d6d-8f77-ed31c856e5b2.jpg,/imgs/blogs/3/15/af0db3fa-5cf9-4eeb-a9fe-938de64bddc6.jpg',
 '冬天必吃铜锅涮肉！手切鲜羊肉蘸麻酱，再来一瓶北冰洋，完美！🔥<br>📍上塘路1035号', 32, 5, '2026-07-06 18:30:00'),

(1020, 5, 30, '海底捞隐藏吃法｜附秘制蘸料配方🔥',
 '/imgs/blogs/11/12/8b37d208-9414-4e78-b065-9199647bb3e3.jpg,/imgs/blogs/11/4/fbfe0547-bd5d-454c-98c4-411e2e0dce65.jpg,/imgs/blogs/11/8/ca9ba6e6-068a-4a09-8b12-5719f86d270c.jpg,/imgs/blogs/12/1/1afd01e5-0e16-43c2-b655-4bf733f95cfc.jpg',
 '番茄汤饭、麻酱宽粉、酸辣蘸料，这三样吃法学会了海底捞直接吃回本！<br>📍水晶城F6', 56, 12, '2026-07-09 09:00:00'),

(1021, 4, 30, 'Mamala 西餐｜远洋乐堤港约会圣地🌹',
 '/imgs/blogs/7/3/2f6769c9-21de-42f8-adc0-77873273997f.jpg,/imgs/blogs/9/12/ac2ce2fb-0605-4f14-82cc-c962b8c86688.jpg,/imgs/blogs/10/7/7e97f47d-eb49-4dc9-a583-95faa7aed287.jpg',
 '战斧牛排🥩配上红酒🍷环境特别浪漫，生日约会选这里绝对不会错！<br>📍丽水路66号<br>💰人均 290', 45, 8, '2026-07-08 19:00:00'),

(1022, 7, 34, '炉鱼｜万达广场的烤鱼天花板🐟',
 '/imgs/blogs/15/3/fd5802b1-d4a5-4e45-badd-05cbc46c8c3d.jpg,/imgs/blogs/15/9/cea51d9b-ac15-49f6-b9f1-9cf81e9b9c85.jpg,/imgs/blogs/1/12/ab329e30-b4e1-446e-993b-b00be783f142.jpg',
 '湄公鱼刺少肉嫩，蒜香味和麻辣味都好吃到舔盘！里面的配菜也超入味😋<br>📍杭行路666号万达广场<br>💰人均 85', 31, 5, '2026-07-11 11:30:00'),

(1023, 3, 34, '新白鹿｜杭帮菜性价比之王，人均 60 吃一桌',
 '/imgs/blogs/5/13/8bec1b83-8800-490b-bfbc-892b310ade6d.jpg,/imgs/blogs/5/2/fdc6cbb0-ddc5-4525-884a-9e88f07cf2d8.jpg,/imgs/blogs/6/0/081b4b46-b2c0-47b1-8e2a-8f620d0307fb.jpg',
 '蛋黄鸡翅、糖醋里脊、西湖牛肉羹，每道菜都不超过 50 块！排队 40 分钟也值了😭<br>📍运河上街F5', 28, 6, '2026-07-07 12:30:00'),

(1024, 8, 34, '浅草屋寿司｜平价日料中的战斗机🍣',
 '/imgs/blogs/blog1.jpg,/imgs/blogs/1/12/ab329e30-b4e1-446e-993b-b00be783f142.jpg,/imgs/blogs/2/1/7b31a5da-4ee3-4c9e-a38a-2dbc8de0345a.jpg',
 '鳗鱼饭、三文鱼刺身、地狱拉面，每样都新鲜好吃！人均 88 性价比很高👍<br>📍运河上街B1', 20, 4, '2026-07-12 17:00:00'),

(1025, 5, 34, '海底捞美甲+吃火锅｜一次满足两个愿望💅',
 '/imgs/blogs/12/9/aab78497-ec7a-46da-820a-0ee0bbe103a3.jpg,/imgs/blogs/13/1/6b091b4c-7870-4df8-9b21-5db9852db005.jpg,/imgs/blogs/13/4/1bb3d189-a34a-4809-b062-323cda7d19a9.jpg',
 '排队的时候做个免费美甲，吃完火锅新指甲也做好了，这服务谁不爱😍', 22, 4, '2026-07-10 12:00:00'),

(1026, 9, 35, '羊老三羊蝎子｜冬天就缺这一锅🔥',
 '/imgs/blogs/2/2/852f49b7-432c-4d01-b7b1-8e152854f2a9.jpg,/imgs/blogs/2/3/39d65be4-af94-458d-b6de-bc8ca20735bb.jpg,/imgs/blogs/2/4/7ed91c85-975a-40dd-9f36-abb2e87a1155.jpg',
 '羊蝎子火锅汤底浓郁，肉炖得很烂，啃完骨头再涮点白菜豆腐，暖到心里🥰', 25, 6, '2026-07-13 18:00:00'),

(1027, 10, 1, '开乐迪KTV｜周末聚会好去处🎤',
 '/imgs/blogs/2/6/b0756279-65da-4f2d-b62a-33f74b06454a.jpg,/imgs/blogs/3/12/9b19dd28-1eb1-4b70-bdc2-95544eecfeb2.jpg,/imgs/blogs/3/14/a6b9ec21-6708-4d6d-8f77-ed31c856e5b2.jpg',
 '音响效果不错，曲库齐全，周末和朋友们来嗨一下午人均才 67💰！<br>📍运河上街F4', 9, 1, '2026-07-13 20:00:00'),

(1028, 5, 1, '海底捞新品品鉴｜网红吃法大合集',
 '/imgs/blogs/7/3/2f6769c9-21de-42f8-adc0-77873273997f.jpg,/imgs/blogs/9/12/ac2ce2fb-0605-4f14-82cc-c962b8c86688.jpg,/imgs/blogs/10/7/7e97f47d-eb49-4dc9-a583-95faa7aed287.jpg,/imgs/blogs/11/12/8b37d208-9414-4e78-b065-9199647bb3e3.jpg,/imgs/blogs/11/4/fbfe0547-bd5d-454c-98c4-411e2e0dce65.jpg',
 '番茄汤饭+麻酱宽粉+酸辣蘸料+抖抖面筋球，四个神仙吃法一次教给你！🔥', 67, 15, '2026-07-16 10:00:00');

-- ============================================================
-- 7. 博客评论 (80 条)
-- ============================================================
INSERT INTO `tb_blog_comments` (`id`, `user_id`, `blog_id`, `parent_id`, `answer_id`, `content`, `liked`, `status`, `create_time`) VALUES
(1000, 30, 1001, 0, 0, '这家蜀大侠真的绝了，秒杀券太划算了！', 3, 0, '2026-04-16 10:00:00'),
(1001, 32, 1001, 0, 0, '毛肚yyds！', 1, 0, '2026-04-16 11:00:00'),
(1002, 34, 1001, 0, 0, '下次去成都一定要试试', 2, 0, '2026-04-16 12:00:00'),
(1003, 35, 1001, 0, 0, '9.9 太香了吧', 0, 0, '2026-04-16 13:00:00'),
(1004, 31, 1002, 0, 0, '陈麻婆豆腐永远的神', 2, 0, '2026-04-17 10:00:00'),
(1005, 33, 1002, 0, 0, '甜水面也好吃！', 1, 0, '2026-04-17 11:00:00'),
(1006, 30, 1003, 0, 0, '宽窄巷子百去不厌', 1, 0, '2026-04-18 12:00:00'),
(1007, 34, 1004, 0, 0, '马旺子排队是真的猛', 3, 0, '2026-04-22 20:00:00'),
(1008, 35, 1004, 0, 0, '咸烧白yyds！', 1, 0, '2026-04-22 21:00:00'),
(1009, 31, 1005, 0, 0, 'SPA 环境好好啊', 0, 0, '2026-04-26 10:00:00'),
(1010, 30, 1006, 0, 0, '18块钱的麻婆豆腐绝了', 6, 0, '2026-07-05 12:00:00'),
(1011, 35, 1006, 0, 0, '花椒现舂的，舌尖会跳舞😂', 4, 0, '2026-07-05 13:00:00'),
(1012, 34, 1006, 0, 0, '来成都第一站就去吃了', 2, 0, '2026-07-05 14:00:00'),
(1013, 32, 1006, 0, 0, '百年老字号名不虚传', 1, 0, '2026-07-06 10:00:00'),
(1014, 33, 1007, 0, 0, '9.9 秒杀双人套餐我冲了', 5, 0, '2026-07-07 20:00:00'),
(1015, 1, 1007, 0, 0, '这也太划算了吧', 3, 0, '2026-07-07 21:00:00'),
(1016, 34, 1007, 0, 0, '收藏了收藏了', 2, 0, '2026-07-07 22:00:00'),
(1017, 31, 1008, 0, 0, '冰粉配火锅绝了', 1, 0, '2026-07-08 19:00:00'),
(1018, 30, 1009, 0, 0, '想吃烤鸭了🦆', 3, 0, '2026-07-09 13:00:00'),
(1019, 34, 1010, 0, 0, '马旺子是成都必吃榜第一名', 4, 0, '2026-07-10 19:00:00'),
(1020, 35, 1010, 0, 0, '排队40分钟值了', 2, 0, '2026-07-10 20:00:00'),
(1021, 1, 1012, 0, 0, 'SPA 种草了，周末去', 3, 0, '2026-07-13 15:00:00'),
(1022, 30, 1012, 0, 0, '技师手法确实在线', 1, 0, '2026-07-13 16:00:00'),
(1023, 34, 1013, 0, 0, '宽窄巷子喝茶太安逸了', 2, 0, '2026-07-14 16:00:00'),
(1024, 33, 1016, 0, 0, '逛博物院+足疗，完美周末', 3, 0, '2026-07-18 17:00:00'),
(1025, 34, 1018, 0, 0, '103的叉烧甜甜的，爱了', 1, 0, '2026-07-05 11:00:00'),
(1026, 35, 1019, 0, 0, '杭州还有这么正宗的铜锅涮？', 2, 0, '2026-07-06 19:00:00'),
(1027, 1, 1019, 0, 0, '铜锅涮肉配麻酱，冬天必吃！', 5, 0, '2026-07-06 20:00:00'),
(1028, 32, 1020, 0, 0, '番茄汤饭我连喝三碗！', 8, 0, '2026-07-09 10:00:00'),
(1029, 35, 1020, 0, 0, '麻酱宽粉真的是灵魂吃法', 6, 0, '2026-07-09 11:00:00'),
(1030, 1, 1020, 0, 0, '学到了学到了，下次就去试', 5, 0, '2026-07-09 12:00:00'),
(1031, 31, 1020, 0, 0, '楼主是海底捞十级学者吧😂', 3, 0, '2026-07-09 13:00:00'),
(1032, 33, 1021, 0, 0, '战斧牛排yyds🥩', 8, 0, '2026-07-08 20:00:00'),
(1033, 34, 1021, 0, 0, '约会圣地，环境满分💯', 5, 0, '2026-07-08 21:00:00'),
(1034, 5, 1021, 0, 0, '奶油培根意面舔盘推荐🍝', 2, 0, '2026-07-09 12:00:00'),
(1035, 30, 1022, 0, 0, '蒜香味永远的神🧄', 5, 0, '2026-07-11 12:00:00'),
(1036, 34, 1022, 0, 0, '加一份宽粉吸满汤汁，绝了', 3, 0, '2026-07-11 13:00:00'),
(1037, 32, 1023, 0, 0, '蛋黄鸡翅每次必点！', 6, 0, '2026-07-07 13:00:00'),
(1038, 30, 1023, 0, 0, '新白鹿真的是平价战斗机', 4, 0, '2026-07-07 14:00:00'),
(1039, 5, 1023, 0, 0, '糖醋里脊也好吃！', 1, 0, '2026-07-08 10:00:00'),
(1040, 34, 1026, 0, 0, '冬天的羊蝎子火锅绝了🔥', 4, 0, '2026-07-13 19:00:00'),
(1041, 30, 1026, 0, 0, '汤底浓郁，肉炖得很烂', 2, 0, '2026-07-13 20:00:00'),
(1042, 31, 1026, 0, 0, '杭州最好吃的羊蝎子没有之一', 3, 0, '2026-07-14 12:00:00'),
(1043, 30, 1028, 0, 0, '每次去海底捞都要看一遍这个攻略', 10, 0, '2026-07-16 11:00:00'),
(1044, 34, 1028, 0, 0, '抖抖面筋球才是yyds！', 7, 0, '2026-07-16 12:00:00'),
(1045, 5, 1028, 0, 0, '楼主的配方拯救了我的海底捞体验', 5, 0, '2026-07-16 13:00:00'),
(1046, 31, 1028, 0, 0, '番茄汤饭真的连喝三碗🍅', 3, 0, '2026-07-16 15:00:00'),
(1047, 32, 1028, 0, 0, '收藏了收藏了👍', 0, 0, '2026-07-17 10:00:00');

-- ============================================================
-- 8. 更新非空用户头像
-- ============================================================
UPDATE `tb_user` SET `icon` = '/imgs/blogs/4/7/863cc302-d150-420d-a596-b16e9232a1a6.jpg' WHERE `id` = 30 AND (`icon` = '' OR `icon` IS NULL);
UPDATE `tb_user` SET `icon` = '/imgs/blogs/0/0/feb2a83e-5646-46c0-a982-5e43fed31b22.jpg' WHERE `id` = 31 AND (`icon` = '' OR `icon` IS NULL);
UPDATE `tb_user` SET `icon` = '/imgs/blogs/1/12/ab329e30-b4e1-446e-993b-b00be783f142.jpg' WHERE `id` = 32 AND (`icon` = '' OR `icon` IS NULL);
UPDATE `tb_user` SET `icon` = '/imgs/blogs/2/1/7b31a5da-4ee3-4c9e-a38a-2dbc8de0345a.jpg' WHERE `id` = 33 AND (`icon` = '' OR `icon` IS NULL);
UPDATE `tb_user` SET `icon` = '/imgs/blogs/3/12/9b19dd28-1eb1-4b70-bdc2-95544eecfeb2.jpg' WHERE `id` = 34 AND (`icon` = '' OR `icon` IS NULL);

-- ============================================================
-- 9. 结论
-- ============================================================
SELECT CONCAT('✅ 成都店铺: ', (SELECT COUNT(*) FROM `tb_shop` WHERE `id` BETWEEN 1000 AND 1010), ' 家') AS info;
SELECT CONCAT('✅ 秒杀券: ', (SELECT COUNT(*) FROM `tb_seckill_voucher`), ' 张（库存已预热到 Redis 需要在后端重启后执行 loadShopData）') AS info;
SELECT CONCAT('✅ 博客: ', (SELECT COUNT(*) FROM `tb_blog` WHERE `id` >= 1000), ' 条') AS info;
SELECT CONCAT('✅ 评论: ', (SELECT COUNT(*) FROM `tb_blog_comments` WHERE `id` >= 1000), ' 条') AS info;
SELECT CONCAT('✅ 测试用户: 13686869696(小鱼), 13900000001(王师傅), 13900000005(莉莉), 13900000010(巴适姐) — 验证码 123456') AS info;
